{"stats":{"minecraft:crafted":{"minecraft:cooked_beef":8,"minecraft:oak_planks":84,"minecraft:wooden_shovel":1,"minecraft:cooked_porkchop":8,"handcrafted:spider_trophy":1,"minecraft:crafting_table":2,"minecraft:stick":8,"minecraft:wooden_pickaxe":1,"minecraft:stone_pickaxe":1,"minecraft:furnace":1,"minecraft:dark_oak_planks":176,"minecraft:birch_planks":60,"minecraft:stone_axe":1,"minecraft:air":0},"minecraft:dropped":{"minecraft:wooden_pickaxe":2},"minecraft:custom":{"minecraft:time_since_rest":47330,"minecraft:interact_with_furnace":18,"minecraft:sprint_one_cm":123548,"minecraft:damage_taken":280,"minecraft:walk_one_cm":49328,"minecraft:mob_kills":13,"minecraft:drop":2,"minecraft:damage_dealt":1560,"minecraft:interact_with_crafting_table":10,"minecraft:fly_one_cm":136180,"minecraft:talked_to_villager":1,"minecraft:open_chest":1,"minecraft:play_time":47330,"minecraft:crouch_one_cm":1449,"minecraft:sneak_time":1271,"minecraft:jump":554,"minecraft:leave_game":1,"minecraft:time_since_death":47330,"minecraft:total_world_time":47330,"minecraft:fall_one_cm":10849},"minecraft:mined":{"minecraft:furnace":2,"minecraft:iron_ore":1,"minecraft:birch_log":15,"minecraft:dark_oak_log":44,"minecraft:birch_leaves":3,"minecraft:crafting_table":1,"minecraft:oak_log":21,"minecraft:grass_block":5,"minecraft:coal_ore":22,"minecraft:dirt":12,"minecraft:copper_ore":4,"minecraft:stone":28,"minecraft:oak_leaves":1},"minecraft:used":{"minecraft:stone_pickaxe":29,"minecraft:pig_spawn_egg":2,"minecraft:wooden_pickaxe":28,"minecraft:wooden_shovel":10,"handcrafted:spider_trophy":1,"minecraft:stone_axe":81,"minecraft:wooden_sword":24,"minecraft:dirt":10,"minecraft:crafting_table":2,"minecraft:furnace":2,"minecraft:cooked_porkchop":5},"minecraft:picked_up":{"minecraft:birch_log":15,"minecraft:crafting_table":1,"minecraft:raw_iron":1,"minecraft:leather":6,"minecraft:wooden_pickaxe":1,"minecraft:gravel":3,"minecraft:porkchop":8,"minecraft:flint":1,"minecraft:oak_log":21,"minecraft:dark_oak_log":44,"minecraft:spider_eye":1,"minecraft:dirt":33,"minecraft:string":1,"minecraft:raw_copper":16,"minecraft:bone":1,"minecraft:beef":8,"minecraft:oak_sapling":1,"minecraft:birch_sapling":1,"minecraft:coal":58,"minecraft:cobblestone":35,"minecraft:furnace":2},"minecraft:killed":{"minecraft:skeleton":1,"minecraft:zombie":1,"minecraft:pig":5,"minecraft:spider":2,"minecraft:cow":4}},"DataVersion":3465}