{"stats":{"minecraft:killed":{"minecraft:pig":8,"naturalist:bear":1,"minecraft:spider":2,"minecraft:sheep":4,"minecraft:skeleton":3,"minecraft:zombie":4,"minecraft:cow":4},"minecraft:crafted":{"minecraft:cooked_beef":8,"minecraft:oak_planks":84,"minecraft:wooden_shovel":1,"minecraft:cooked_porkchop":13,"handcrafted:spider_trophy":1,"minecraft:crafting_table":2,"minecraft:wooden_pickaxe":1,"minecraft:furnace":1,"minecraft:birch_planks":60,"minecraft:stone_axe":2,"minecraft:cooked_mutton":5,"minecraft:air":0,"minecraft:stick":12,"minecraft:stone_pickaxe":1,"minecraft:dark_oak_planks":176},"minecraft:dropped":{"minecraft:birch_sapling":3,"minecraft:oak_sapling":1,"minecraft:wooden_sword":1,"minecraft:wooden_pickaxe":2},"minecraft:mined":{"minecraft:dark_oak_log":44,"minecraft:crafting_table":2,"minecraft:grass_block":6,"minecraft:copper_ore":4,"minecraft:furnace":3,"minecraft:birch_log":27,"minecraft:iron_ore":4,"minecraft:birch_leaves":21,"minecraft:grass":1,"minecraft:oak_log":32,"minecraft:coal_ore":22,"minecraft:dirt":15,"minecraft:sand":1,"minecraft:stone":60,"minecraft:oak_leaves":1},"minecraft:broken":{"minecraft:stone_axe":1},"minecraft:used":{"minecraft:stone_pickaxe":65,"minecraft:wooden_pickaxe":28,"minecraft:wooden_shovel":10,"handcrafted:spider_trophy":1,"minecraft:dirt":12,"minecraft:crafting_table":3,"minecraft:dark_oak_planks":5,"minecraft:pig_spawn_egg":2,"minecraft:gravel":3,"minecraft:stone_axe":137,"minecraft:wooden_sword":29,"minecraft:cobblestone":3,"minecraft:furnace":3,"minecraft:cooked_porkchop":10},"minecraft:picked_up":{"minecraft:birch_log":36,"minecraft:crafting_table":3,"minecraft:cooked_beef":8,"minecraft:leather":12,"minecraft:golden_leggings":1,"minecraft:wooden_pickaxe":1,"minecraft:potato":2,"minecraft:birch_planks":60,"minecraft:flint":5,"minecraft:oak_log":43,"minecraft:string":2,"minecraft:dirt":74,"minecraft:raw_copper":32,"minecraft:wooden_sword":1,"minecraft:bone":6,"minecraft:stone_pickaxe":1,"minecraft:beef":8,"minecraft:wooden_shovel":1,"minecraft:birch_sapling":5,"minecraft:oak_planks":58,"minecraft:furnace":4,"minecraft:stick":4,"minecraft:raw_iron":5,"minecraft:cooked_porkchop":1,"minecraft:gravel":6,"minecraft:porkchop":18,"minecraft:dark_oak_log":44,"minecraft:spider_eye":1,"minecraft:dark_oak_planks":176,"minecraft:arrow":6,"minecraft:rotten_flesh":6,"minecraft:stone_axe":1,"minecraft:golden_apple":1,"minecraft:oak_sapling":1,"minecraft:mutton":10,"minecraft:coal":76,"minecraft:white_wool":8,"minecraft:cobblestone":85},"minecraft:killed_by":{"naturalist:bear":1},"minecraft:custom":{"minecraft:interact_with_furnace":24,"minecraft:mob_kills":26,"minecraft:interact_with_crafting_table":11,"minecraft:leave_game":3,"minecraft:time_since_death":9306,"minecraft:time_since_rest":9342,"minecraft:sprint_one_cm":220276,"minecraft:damage_taken":860,"minecraft:walk_one_cm":89343,"minecraft:drop":7,"minecraft:damage_dealt":3624,"minecraft:talked_to_villager":2,"minecraft:fly_one_cm":248423,"minecraft:open_chest":1,"minecraft:crouch_one_cm":2826,"minecraft:play_time":70433,"minecraft:deaths":1,"minecraft:sneak_time":1585,"minecraft:jump":1022,"minecraft:total_world_time":70433,"minecraft:fall_one_cm":22173}},"DataVersion":3465}