{"stats":{"minecraft:killed_by":{"naturalist:bear":1},"minecraft:dropped":{"minecraft:bread":20,"minecraft:iron_helmet":1,"minecraft:wooden_sword":4,"minecraft:sand":1,"minecraft:lily_pad":2,"minecraft:bone":1,"minecraft:anvil":2,"minecraft:stone_axe":1,"minecraft:birch_sapling":4,"minecraft:rotten_flesh":9,"minecraft:cooked_mutton":5,"minecraft:hay_block":1,"minecraft:oak_sapling":1,"minecraft:iron_bars":4,"minecraft:wooden_pickaxe":2,"minecraft:stone_pickaxe":1},"minecraft:custom":{"minecraft:interact_with_smithing_table":1,"minecraft:mob_kills":54,"minecraft:interact_with_crafting_table":44,"minecraft:open_barrel":2,"minecraft:leave_game":10,"minecraft:time_since_death":70281,"minecraft:climb_one_cm":7718,"minecraft:sprint_one_cm":675736,"minecraft:walk_one_cm":205679,"minecraft:drop":33,"minecraft:talked_to_villager":8,"minecraft:play_time":228849,"minecraft:deaths":2,"minecraft:sneak_time":3506,"minecraft:walk_under_water_one_cm":1553,"minecraft:boat_one_cm":30593,"minecraft:jump":3815,"minecraft:interact_with_blast_furnace":9,"minecraft:walk_on_water_one_cm":4798,"minecraft:total_world_time":228849,"minecraft:interact_with_furnace":60,"minecraft:interact_with_grindstone":1,"minecraft:sleep_in_bed":7,"minecraft:time_since_rest":3667,"minecraft:damage_taken":2294,"minecraft:damage_dealt":7790,"minecraft:swim_one_cm":7562,"minecraft:fly_one_cm":814757,"minecraft:open_chest":40,"minecraft:crouch_one_cm":6172,"minecraft:fall_one_cm":111688},"minecraft:killed":{"minecraft:spider":3,"naturalist:coral_snake":1,"minecraft:skeleton":7,"minecraft:pig":19,"naturalist:bear":1,"minecraft:sheep":4,"minecraft:pillager":1,"minecraft:zombie":8,"minecraft:cow":10},"minecraft:used":{"minecraft:iron_shovel":70,"minecraft:chest":2,"gobber2:gobber2_gooey_bread":1,"minecraft:white_terracotta":3,"minecraft:wooden_shovel":10,"minecraft:dirt":12,"minecraft:granite":1,"minecraft:dark_oak_planks":5,"minecraft:lantern":3,"minecraft:furnace":6,"minecraft:cooked_beef":7,"minecraft:stone_pickaxe":75,"minecraft:wooden_pickaxe":28,"minecraft:birch_boat":3,"handcrafted:spider_trophy":1,"minecraft:crafting_table":11,"minecraft:blast_furnace":1,"minecraft:bread":27,"minecraft:iron_pickaxe":196,"minecraft:pig_spawn_egg":2,"minecraft:gravel":3,"minecraft:stone_axe":249,"minecraft:wooden_sword":29,"minecraft:cobblestone":69,"travelersbackpack:standard":13,"minecraft:cooked_porkchop":13,"minecraft:smithing_table":1},"minecraft:picked_up":{"minecraft:crafting_table":11,"minecraft:anvil":2,"minecraft:wooden_pickaxe":1,"minecraft:stone_brick_stairs":1,"minecraft:string":2,"minecraft:raw_copper":32,"minecraft:wooden_sword":4,"minecraft:iron_leggings":1,"minecraft:iron_shovel":1,"minecraft:beef":20,"minecraft:wooden_shovel":1,"minecraft:iron_pickaxe":2,"minecraft:coal_block":2,"minecraft:birch_sapling":6,"minecraft:iron_boots":1,"minecraft:furnace":7,"minecraft:stick":4,"minecraft:raw_iron":42,"minecraft:torch":1,"minecraft:porkchop":55,"minecraft:redstone":17,"minecraft:dark_oak_planks":176,"minecraft:arrow":12,"minecraft:rotten_flesh":13,"minecraft:hay_block":1,"minecraft:gold_ingot":4,"minecraft:white_terracotta":6,"supplementaries:ash":8,"minecraft:obsidian":5,"minecraft:mutton":10,"minecraft:iron_bars":4,"minecraft:white_wool":8,"minecraft:cobblestone":215,"minecraft:birch_log":36,"minecraft:cooked_beef":9,"minecraft:leather":14,"minecraft:golden_leggings":1,"minecraft:potato":3,"minecraft:birch_planks":107,"minecraft:flint":5,"minecraft:oak_log":43,"minecraft:lily_pad":2,"minecraft:dirt":75,"minecraft:lantern":3,"minecraft:bone":9,"minecraft:wheat_seeds":2,"minecraft:raw_gold":5,"minecraft:stone_pickaxe":1,"minecraft:iron_ingot":1,"minecraft:bamboo":18,"minecraft:oak_planks":58,"gobber2:gobber2_gooey_bread":2,"minecraft:scaffolding":56,"minecraft:cooked_porkchop":1,"minecraft:birch_boat":2,"minecraft:raw_iron_block":2,"minecraft:gravel":6,"minecraft:sand":65,"minecraft:blast_furnace":9,"minecraft:spider_eye":1,"minecraft:dark_oak_log":44,"minecraft:stone_axe":2,"minecraft:iron_helmet":3,"minecraft:granite":1,"minecraft:golden_apple":1,"naturescompass:naturescompass":1,"minecraft:emerald":1,"minecraft:bread":53,"minecraft:oak_sapling":1,"minecraft:coal":153,"gobber2:gobber2_goo":3,"minecraft:sunflower":34},"minecraft:broken":{"minecraft:stone_axe":1},"minecraft:mined":{"minecraft:dark_oak_log":44,"minecraft:granite":1,"minecraft:grass_block":6,"gobber2:gobber2_lucky_block":5,"minecraft:coal_block":2,"minecraft:redstone_ore":3,"minecraft:raw_iron_block":2,"minecraft:furnace":5,"supplementaries:ash":3,"minecraft:iron_ore":41,"minecraft:anvil":2,"minecraft:iron_bars":2,"minecraft:bamboo":1,"minecraft:stone":142,"minecraft:deepslate_redstone_ore":1,"minecraft:scaffolding":28,"minecraft:crafting_table":9,"minecraft:blast_furnace":5,"minecraft:emerald_ore":1,"minecraft:copper_ore":4,"minecraft:cobblestone":6,"minecraft:white_terracotta":3,"minecraft:birch_log":27,"minecraft:birch_leaves":21,"minecraft:stone_brick_stairs":1,"minecraft:grass":5,"minecraft:oak_log":32,"minecraft:coal_ore":68,"minecraft:sunflower":25,"minecraft:sand":66,"minecraft:dirt":16,"minecraft:gold_ore":5,"minecraft:oak_leaves":1},"minecraft:crafted":{"minecraft:oak_planks":84,"minecraft:raw_iron":18,"comforts:sleeping_bag_white":1,"minecraft:birch_boat":2,"minecraft:furnace":1,"minecraft:cooked_mutton":5,"minecraft:glass":54,"minecraft:stone_pickaxe":1,"minecraft:chest":3,"minecraft:dark_oak_planks":176,"minecraft:cooked_beef":8,"minecraft:wooden_shovel":1,"minecraft:cooked_porkchop":13,"handcrafted:spider_trophy":1,"minecraft:crafting_table":2,"travelersbackpack:backpack_tank":2,"minecraft:wooden_pickaxe":1,"travelersbackpack:standard":1,"minecraft:smithing_table":1,"minecraft:birch_planks":60,"minecraft:stone_axe":3,"minecraft:air":0,"naturescompass:naturescompass":1,"minecraft:stick":12,"minecraft:compass":1,"minecraft:iron_ingot":58,"minecraft:iron_pickaxe":1,"minecraft:gold_ingot":1}},"DataVersion":3465}