{"stats":{"minecraft:used":{"minecraft:cooked_mutton":4,"minecraft:diorite":2,"minecraft:stone_sword":72,"minecraft:stone_shovel":23,"minecraft:stone_pickaxe":179,"minecraft:chest":2,"minecraft:wooden_pickaxe":21,"handcrafted:spider_trophy":1,"minecraft:oak_door":1,"minecraft:torch":11,"minecraft:dirt":13,"minecraft:oak_slab":9,"minecraft:crafting_table":2,"minecraft:oak_stairs":2,"minecraft:bread":4,"minecraft:stone_axe":12,"minecraft:cobblestone":10,"travelersbackpack:standard":2,"minecraft:furnace":1,"minecraft:yellow_bed":1,"minecraft:dandelion":1},"minecraft:killed":{"minecraft:cave_spider":1,"minecraft:spider":1,"minecraft:iron_golem":2,"minecraft:creeper":1,"minecraft:cow":5},"minecraft:custom":{"minecraft:interact_with_furnace":2,"minecraft:mob_kills":10,"minecraft:interact_with_crafting_table":12,"minecraft:leave_game":6,"minecraft:time_since_death":67447,"minecraft:sleep_in_bed":1,"minecraft:time_since_rest":40613,"minecraft:sprint_one_cm":117310,"minecraft:damage_taken":270,"minecraft:walk_one_cm":61999,"minecraft:drop":29,"minecraft:damage_dealt":3008,"minecraft:swim_one_cm":1896,"minecraft:talked_to_villager":2,"minecraft:fly_one_cm":99859,"minecraft:open_chest":19,"minecraft:crouch_one_cm":4098,"minecraft:play_time":67447,"minecraft:sneak_time":3793,"minecraft:walk_under_water_one_cm":71,"minecraft:jump":445,"minecraft:interact_with_blast_furnace":2,"minecraft:walk_on_water_one_cm":265,"minecraft:total_world_time":67447,"minecraft:fall_one_cm":13046},"minecraft:picked_up":{"minecraft:leather":8,"minecraft:oak_stairs":3,"minecraft:flint":1,"minecraft:oak_log":14,"minecraft:yellow_bed":1,"minecraft:string":15,"minecraft:dirt":17,"minecraft:cooked_mutton":5,"minecraft:glass":12,"minecraft:wheat_seeds":1,"minecraft:gold_nugget":1,"minecraft:iron_ingot":14,"minecraft:beef":10,"minecraft:chest":1,"minecraft:oak_planks":14,"minecraft:oak_slab":5,"minecraft:stick":3,"minecraft:raw_iron":7,"minecraft:oak_door":1,"promenade:asphalt":12,"minecraft:torch":3,"minecraft:dandelion":1,"minecraft:gravel":5,"minecraft:diorite":31,"minecraft:rotten_flesh":3,"minecraft:hay_block":14,"minecraft:granite":1,"minecraft:bread":20,"handcrafted:spider_trophy":1,"minecraft:oak_sapling":3,"minecraft:coal":37,"minecraft:white_wool":4,"minecraft:cobblestone":109},"minecraft:mined":{"minecraft:oak_slab":4,"minecraft:glass_pane":1,"minecraft:torch":2,"minecraft:granite":1,"minecraft:grass_block":10,"minecraft:chest":1,"minecraft:cobblestone":25,"minecraft:oak_planks":6,"minecraft:diorite":31,"minecraft:wall_torch":2,"minecraft:spawner":1,"minecraft:hay_block":14,"minecraft:iron_ore":8,"minecraft:yellow_bed":1,"minecraft:grass":2,"minecraft:coal_ore":37,"minecraft:oak_log":15,"handcrafted:spider_trophy":1,"minecraft:oak_stairs":3,"minecraft:gravel":6,"minecraft:dirt":7,"minecraft:cobweb":13,"promenade:asphalt":12,"minecraft:stone":84,"minecraft:oak_leaves":1},"minecraft:crafted":{"minecraft:oak_slab":6,"minecraft:oak_planks":56,"minecraft:stone_shovel":1,"minecraft:crafting_table":2,"travelersbackpack:backpack_tank":2,"comforts:sleeping_bag_white":1,"minecraft:wooden_pickaxe":1,"travelersbackpack:standard":1,"minecraft:furnace":1,"minecraft:stone_axe":1,"minecraft:stick":12,"minecraft:iron_ingot":1,"minecraft:stone_pickaxe":2,"minecraft:stone_sword":1,"minecraft:chest":2,"minecraft:torch":16,"minecraft:shears":1},"minecraft:dropped":{"minecraft:iron_ingot":8,"minecraft:rotten_flesh":3,"minecraft:oak_planks":8,"minecraft:glass":12},"minecraft:broken":{"minecraft:stone_pickaxe":1}},"DataVersion":3465}