{"stats":{"minecraft:used":{"minecraft:cooked_mutton":2,"minecraft:stone_sword":46,"minecraft:stone_shovel":17,"minecraft:stone_pickaxe":39,"minecraft:chest":2,"minecraft:wooden_pickaxe":21,"handcrafted:spider_trophy":1,"minecraft:oak_door":1,"minecraft:torch":1,"minecraft:dirt":13,"minecraft:crafting_table":1,"minecraft:oak_stairs":2,"minecraft:bread":4,"minecraft:stone_axe":2,"travelersbackpack:standard":2,"minecraft:furnace":1,"minecraft:yellow_bed":1,"minecraft:dandelion":1},"minecraft:killed":{"minecraft:iron_golem":2,"minecraft:cow":5},"minecraft:custom":{"minecraft:interact_with_furnace":2,"minecraft:mob_kills":7,"minecraft:interact_with_crafting_table":10,"minecraft:leave_game":6,"minecraft:time_since_death":55447,"minecraft:sleep_in_bed":1,"minecraft:time_since_rest":28613,"minecraft:sprint_one_cm":97050,"minecraft:damage_taken":130,"minecraft:walk_one_cm":38199,"minecraft:drop":29,"minecraft:damage_dealt":2529,"minecraft:swim_one_cm":1896,"minecraft:talked_to_villager":2,"minecraft:fly_one_cm":99487,"minecraft:open_chest":18,"minecraft:crouch_one_cm":536,"minecraft:play_time":55447,"minecraft:sneak_time":1531,"minecraft:walk_under_water_one_cm":71,"minecraft:jump":432,"minecraft:interact_with_blast_furnace":2,"minecraft:walk_on_water_one_cm":265,"minecraft:total_world_time":55447,"minecraft:fall_one_cm":12777},"minecraft:picked_up":{"minecraft:leather":8,"minecraft:oak_stairs":3,"minecraft:oak_log":14,"minecraft:yellow_bed":1,"minecraft:dirt":17,"minecraft:cooked_mutton":5,"minecraft:glass":12,"minecraft:wheat_seeds":1,"minecraft:gold_nugget":1,"minecraft:iron_ingot":14,"minecraft:beef":10,"minecraft:chest":1,"minecraft:oak_planks":8,"minecraft:stick":3,"minecraft:oak_door":1,"minecraft:torch":1,"minecraft:dandelion":1,"minecraft:rotten_flesh":3,"minecraft:hay_block":14,"minecraft:bread":20,"handcrafted:spider_trophy":1,"minecraft:oak_sapling":3,"minecraft:coal":2,"minecraft:white_wool":4,"minecraft:cobblestone":56},"minecraft:mined":{"minecraft:glass_pane":1,"minecraft:grass_block":10,"minecraft:chest":1,"minecraft:cobblestone":20,"minecraft:wall_torch":1,"minecraft:hay_block":14,"minecraft:yellow_bed":1,"minecraft:grass":2,"minecraft:coal_ore":2,"minecraft:oak_log":15,"handcrafted:spider_trophy":1,"minecraft:oak_stairs":3,"minecraft:dirt":7,"minecraft:stone":37,"minecraft:oak_leaves":1},"minecraft:crafted":{"minecraft:oak_planks":56,"minecraft:stone_shovel":1,"minecraft:crafting_table":1,"travelersbackpack:backpack_tank":2,"comforts:sleeping_bag_white":1,"minecraft:wooden_pickaxe":1,"travelersbackpack:standard":1,"minecraft:furnace":1,"minecraft:stone_axe":1,"minecraft:stick":8,"minecraft:iron_ingot":1,"minecraft:stone_pickaxe":1,"minecraft:stone_sword":1,"minecraft:chest":2,"minecraft:shears":1},"minecraft:dropped":{"minecraft:iron_ingot":8,"minecraft:rotten_flesh":3,"minecraft:oak_planks":8,"minecraft:glass":12}},"DataVersion":3465}