{"stats":{"minecraft:dropped":{"minecraft:iron_ingot":4,"minecraft:rotten_flesh":3},"minecraft:custom":{"minecraft:time_since_rest":17883,"minecraft:interact_with_furnace":2,"minecraft:sprint_one_cm":78801,"minecraft:damage_taken":130,"minecraft:walk_one_cm":29581,"minecraft:mob_kills":7,"minecraft:drop":5,"minecraft:damage_dealt":2529,"minecraft:swim_one_cm":1896,"minecraft:interact_with_crafting_table":4,"minecraft:fly_one_cm":85657,"minecraft:open_chest":13,"minecraft:play_time":44717,"minecraft:crouch_one_cm":528,"minecraft:sneak_time":1421,"minecraft:walk_under_water_one_cm":71,"minecraft:jump":359,"minecraft:interact_with_blast_furnace":2,"minecraft:walk_on_water_one_cm":111,"minecraft:leave_game":6,"minecraft:time_since_death":44717,"minecraft:sleep_in_bed":1,"minecraft:total_world_time":44717,"minecraft:fall_one_cm":11080},"minecraft:killed":{"minecraft:iron_golem":2,"minecraft:cow":5},"minecraft:picked_up":{"minecraft:stick":3,"minecraft:oak_door":1,"minecraft:leather":8,"minecraft:torch":1,"minecraft:dandelion":1,"minecraft:oak_stairs":3,"minecraft:oak_log":14,"minecraft:yellow_bed":1,"minecraft:dirt":12,"minecraft:cooked_mutton":5,"minecraft:rotten_flesh":3,"minecraft:gold_nugget":1,"minecraft:hay_block":14,"minecraft:beef":10,"minecraft:iron_ingot":10,"minecraft:bread":20,"minecraft:oak_sapling":3,"minecraft:chest":1,"minecraft:coal":2,"minecraft:cobblestone":27},"minecraft:used":{"minecraft:cooked_mutton":1,"minecraft:stone_sword":46,"minecraft:oak_stairs":2,"minecraft:stone_shovel":12,"minecraft:bread":4,"minecraft:stone_pickaxe":9,"minecraft:chest":2,"minecraft:wooden_pickaxe":21,"minecraft:oak_door":1,"minecraft:torch":1,"minecraft:stone_axe":2,"minecraft:dirt":12,"minecraft:crafting_table":1,"minecraft:furnace":1,"minecraft:yellow_bed":1,"minecraft:dandelion":1},"minecraft:mined":{"minecraft:hay_block":14,"minecraft:glass_pane":1,"minecraft:yellow_bed":1,"minecraft:grass":2,"minecraft:grass_block":6,"minecraft:oak_log":15,"minecraft:coal_ore":2,"minecraft:chest":1,"minecraft:oak_stairs":3,"minecraft:dirt":6,"minecraft:cobblestone":20,"minecraft:stone":7,"minecraft:oak_leaves":1,"minecraft:wall_torch":1},"minecraft:crafted":{"minecraft:oak_planks":56,"minecraft:stone_shovel":1,"minecraft:crafting_table":1,"minecraft:stick":8,"minecraft:wooden_pickaxe":1,"minecraft:iron_ingot":1,"minecraft:stone_pickaxe":1,"minecraft:stone_sword":1,"minecraft:chest":1,"minecraft:furnace":1,"minecraft:stone_axe":1,"minecraft:shears":1}},"DataVersion":3465}