{"stats":{"minecraft:used":{"minecraft:wooden_axe":3,"minecraft:stone_sword":11,"minecraft:bread":8,"minecraft:wooden_pickaxe":14,"minecraft:iron_helmet":1,"handcrafted:spider_trophy":2,"minecraft:stone_axe":5,"minecraft:sand":1,"minecraft:crafting_table":3},"minecraft:killed":{"minecraft:pig":4,"naturalist:butterfly":1},"minecraft:custom":{"minecraft:time_since_rest":34878,"minecraft:sprint_one_cm":51847,"minecraft:damage_taken":179,"minecraft:walk_one_cm":20935,"minecraft:mob_kills":5,"minecraft:drop":3,"minecraft:damage_dealt":500,"minecraft:swim_one_cm":16786,"minecraft:interact_with_crafting_table":4,"minecraft:fly_one_cm":147015,"minecraft:open_chest":10,"minecraft:crouch_one_cm":774,"minecraft:play_time":34878,"minecraft:sneak_time":345,"minecraft:walk_under_water_one_cm":3021,"minecraft:jump":714,"minecraft:leave_game":2,"minecraft:walk_on_water_one_cm":2038,"minecraft:time_since_death":34878,"minecraft:total_world_time":34878,"minecraft:fall_one_cm":24600},"minecraft:picked_up":{"minecraft:crafting_table":3,"minecraft:porkchop":10,"minecraft:sand":1,"minecraft:oak_log":5,"minecraft:wheat_seeds":1,"minecraft:iron_helmet":1,"minecraft:hay_block":7,"handcrafted:spider_trophy":2,"minecraft:white_wool":3,"minecraft:cobblestone":11},"minecraft:mined":{"minecraft:seagrass":1,"minecraft:hay_block":7,"minecraft:crafting_table":3,"minecraft:grass":35,"minecraft:oak_log":5,"handcrafted:spider_trophy":2,"promenade:vermilion_maple_leaf_pile":1,"minecraft:sand":1,"minecraft:stone":11,"minecraft:oak_leaves":1},"minecraft:crafted":{"minecraft:oak_planks":20,"minecraft:stone_shovel":1,"minecraft:crafting_table":1,"minecraft:stick":12,"minecraft:wooden_pickaxe":1,"minecraft:stone_pickaxe":1,"minecraft:wooden_axe":1,"minecraft:stone_sword":1,"minecraft:stone_axe":1,"minecraft:bread":21,"minecraft:wheat":63},"minecraft:dropped":{"minecraft:wheat_seeds":1,"minecraft:wooden_axe":1,"minecraft:wooden_pickaxe":1}},"DataVersion":3465}