{"stats":{"minecraft:mined":{"handcrafted:spider_trophy":1},"minecraft:custom":{"minecraft:jump":51,"minecraft:open_chest":2,"minecraft:time_since_rest":2398,"minecraft:leave_game":1,"minecraft:crouch_one_cm":129,"minecraft:damage_taken":40,"minecraft:sprint_one_cm":4060,"minecraft:play_time":2398,"minecraft:time_since_death":2398,"minecraft:walk_one_cm":1633,"minecraft:sneak_time":84,"minecraft:total_world_time":2398,"minecraft:fall_one_cm":2876,"minecraft:fly_one_cm":13357},"minecraft:picked_up":{"handcrafted:spider_trophy":1}},"DataVersion":3465}