{"stats":{"minecraft:crafted":{"minecraft:oak_planks":20,"minecraft:stone_shovel":1,"minecraft:crafting_table":1,"minecraft:stick":12,"minecraft:wooden_pickaxe":1,"minecraft:stone_pickaxe":1,"minecraft:wooden_axe":1,"minecraft:stone_sword":1,"minecraft:stone_axe":1,"minecraft:bread":21,"minecraft:wheat":63},"minecraft:used":{"minecraft:wooden_axe":3,"minecraft:bread":4,"minecraft:iron_helmet":1,"minecraft:wooden_pickaxe":14,"handcrafted:spider_trophy":1,"minecraft:stone_axe":1,"minecraft:sand":1,"minecraft:crafting_table":3},"minecraft:mined":{"minecraft:hay_block":7,"minecraft:crafting_table":3,"minecraft:grass":7,"minecraft:oak_log":5,"handcrafted:spider_trophy":2,"minecraft:sand":1,"minecraft:stone":11,"minecraft:oak_leaves":1},"minecraft:custom":{"minecraft:time_since_rest":24398,"minecraft:sprint_one_cm":25641,"minecraft:damage_taken":119,"minecraft:walk_one_cm":13636,"minecraft:drop":2,"minecraft:interact_with_crafting_table":3,"minecraft:fly_one_cm":65083,"minecraft:open_chest":3,"minecraft:crouch_one_cm":774,"minecraft:play_time":24398,"minecraft:sneak_time":345,"minecraft:jump":313,"minecraft:leave_game":1,"minecraft:time_since_death":24398,"minecraft:walk_on_water_one_cm":45,"minecraft:total_world_time":24398,"minecraft:fall_one_cm":10182},"minecraft:dropped":{"minecraft:wooden_axe":1,"minecraft:wooden_pickaxe":1},"minecraft:picked_up":{"minecraft:crafting_table":3,"minecraft:sand":1,"minecraft:oak_log":5,"minecraft:iron_helmet":1,"minecraft:hay_block":7,"handcrafted:spider_trophy":2,"minecraft:cobblestone":11}},"DataVersion":3465}