{"stats":{"minecraft:used":{"minecraft:wooden_axe":3,"minecraft:bread":5,"minecraft:wooden_pickaxe":14,"minecraft:iron_helmet":1,"handcrafted:spider_trophy":2,"minecraft:stone_axe":1,"minecraft:sand":1,"minecraft:crafting_table":3},"minecraft:custom":{"minecraft:time_since_rest":28440,"minecraft:sprint_one_cm":34983,"minecraft:damage_taken":159,"minecraft:walk_one_cm":18274,"minecraft:drop":2,"minecraft:interact_with_crafting_table":4,"minecraft:fly_one_cm":99534,"minecraft:open_chest":10,"minecraft:crouch_one_cm":774,"minecraft:play_time":28440,"minecraft:sneak_time":345,"minecraft:jump":454,"minecraft:leave_game":1,"minecraft:walk_on_water_one_cm":45,"minecraft:time_since_death":28440,"minecraft:total_world_time":28440,"minecraft:fall_one_cm":17285},"minecraft:picked_up":{"minecraft:crafting_table":3,"minecraft:sand":1,"minecraft:oak_log":5,"minecraft:iron_helmet":1,"minecraft:hay_block":7,"handcrafted:spider_trophy":2,"minecraft:white_wool":3,"minecraft:cobblestone":11},"minecraft:mined":{"minecraft:hay_block":7,"minecraft:crafting_table":3,"minecraft:grass":9,"minecraft:oak_log":5,"handcrafted:spider_trophy":2,"minecraft:sand":1,"minecraft:stone":11,"minecraft:oak_leaves":1},"minecraft:crafted":{"minecraft:oak_planks":20,"minecraft:stone_shovel":1,"minecraft:crafting_table":1,"minecraft:stick":12,"minecraft:wooden_pickaxe":1,"minecraft:stone_pickaxe":1,"minecraft:wooden_axe":1,"minecraft:stone_sword":1,"minecraft:stone_axe":1,"minecraft:bread":21,"minecraft:wheat":63},"minecraft:dropped":{"minecraft:wooden_axe":1,"minecraft:wooden_pickaxe":1}},"DataVersion":3465}